"reference_cluster","species","tissue","ref_numOMG","query_cluster","query_numOMG","num_common_OMG","FDR","test"
"MZ","solanum_lycopersicum","Root",174,1,108,89,8.49176080705399e-63,"Reject"
"Columella root cap cell","sorghum_bicolor","Root",119,1,108,75,6.81978762425738e-58,"Reject"
"Lateral root primordia","arabidopsis_thaliana","Root",165,1,108,86,8.98050479420056e-47,"Reject"
"Meristematic cell","arabidopsis_thaliana","Root",133,1,108,84,4.2671031309078e-45,"Reject"
"Root meristem","arabidopsis_thaliana","Root",53,1,108,83,1.90884032933246e-44,"Reject"
"Vascular cambium","populus_alba_var_pyramidalis","Stem",173,1,108,56,7.92398694168804e-44,"Reject"
"S phase","arabidopsis_thaliana","Root",51,1,108,86,5.53708893740824e-43,"Reject"
"Mesophyll precursor/Root endodermis","oryza_sativa","Root;Leaf",154,1,108,85,1.47769716733481e-40,"Reject"
"Proliferating cell","glycine_max","Root",108,8,149,33,3.62104058688106e-40,"Reject"
"G2/M phase","arabidopsis_thaliana","Shoot axis apex",182,8,149,54,1.64132217553947e-39,"Reject"
"Initial cell","oryza_sativa","Root;Leaf",165,1,108,81,1.75516110329258e-38,"Reject"
"Root meristem","oryza_sativa","Root",130,1,108,78,2.45479275386953e-38,"Reject"
"Palisade mesophyll cell","manihot_esculenta","Leaf",123,1,108,37,1.63717254107193e-36,"Reject"
"Meristematic cell","arabidopsis_thaliana","Leaf",189,1,108,69,4.99350522170043e-34,"Reject"
"G2/M phase","arabidopsis_thaliana","Inflorescence",146,8,149,49,4.39032299811958e-33,"Reject"
"Proliferating cell","glycine_max","Leaf",124,8,149,31,1.82537591345495e-32,"Reject"
"MZ","solanum_lycopersicum","Root",174,8,149,65,1.09893223097861e-31,"Reject"
"Vascular cambium","populus_alba_var_pyramidalis","Stem",173,8,149,49,7.70694235309986e-31,"Reject"
"Proliferating cell","arabidopsis_thaliana","Flower",112,8,149,42,1.02005100683316e-30,"Reject"
"Meristematic cell","fragaria_vesca","Leaf",195,8,149,54,1.10474058018289e-30,"Reject"
"Proliferating cell","glycine_max","Stem",126,8,149,33,8.74904636192874e-30,"Reject"
"Columella root cap cell","sorghum_bicolor","Root",119,8,149,52,4.63025515410455e-29,"Reject"
"Metaphloem sieve element","arabidopsis_thaliana","Root",126,8,149,54,7.27546898290768e-29,"Reject"
"G2/M phase","arabidopsis_thaliana","Root",49,8,149,76,1.18463004631244e-28,"Reject"
"Meristematic cell","oryza_sativa","Root",79,1,108,66,4.93431880135038e-28,"Reject"
"G2/M phase","zea_mays","Ear inflorescence",177,8,149,43,6.57724583238309e-28,"Reject"
"Meristematic cell","brassica_rapa","Leaf",131,1,108,51,2.34553182826126e-26,"Reject"
"G2/M phase","arabidopsis_thaliana","Leaf",139,8,149,51,7.09353798090761e-26,"Reject"
"Meristematic cell","catharanthus_roseus","Leaf",181,8,149,80,4.52272116280824e-25,"Reject"
"Mesophyll precursor/Root endodermis","oryza_sativa","Root;Leaf",154,8,149,63,4.10911083183041e-24,"Reject"
"Root endodermis","oryza_sativa","Root",90,1,108,52,6.17057172150423e-24,"Reject"
"Meristematic cell","arabidopsis_thaliana","Leaf",189,8,149,62,1.58776634328876e-23,"Reject"
"Meristematic cell","catharanthus_roseus","Leaf",181,1,108,62,3.25830580892047e-23,"Reject"
"Lateral root primordia","arabidopsis_thaliana","Root",165,8,149,63,1.8799623178181e-22,"Reject"
"Companion cell","populus_alba_var_pyramidalis","Stem",182,4,118,41,2.31641658719148e-22,"Reject"
"Initial cell","oryza_sativa","Root;Leaf",165,8,149,59,6.28147810499545e-22,"Reject"
"Pericycle","zea_mays","Root",119,1,108,66,8.73312766698629e-22,"Reject"
"G2/M phase","arabidopsis_thaliana","Root",49,1,108,65,1.04736586176586e-21,"Reject"
"Initials","arabidopsis_thaliana","Leaf",167,1,108,61,1.20347277462499e-21,"Reject"
"Proliferating cell","glycine_max","Flower",98,8,149,25,1.844334149364e-21,"Reject"
"Root meristem","arabidopsis_thaliana","Root",53,8,149,61,2.81953555597014e-21,"Reject"
"Proliferating cell","glycine_max","Seed",74,8,149,24,3.11351405529361e-21,"Reject"
"Root cortex","oryza_sativa","Root",132,1,108,67,3.13831799335722e-21,"Reject"
"Proliferating cell","arabidopsis_thaliana","Stem",137,1,108,51,3.46802652826752e-21,"Reject"
"Root apical meristem","medicago_truncatula","Root",174,1,108,32,5.86128281607798e-21,"Reject"
"Proliferating cell","arabidopsis_thaliana","Stem",137,8,149,57,2.21209238881599e-20,"Reject"
"Meristematic cell","arabidopsis_thaliana","Root",133,8,149,60,2.4587977487061e-20,"Reject"
"Sterile lemma","oryza_sativa","Inflorescence",112,1,108,69,7.99341469143559e-20,"Reject"
"Root meristem","oryza_sativa","Root",130,8,149,55,9.85851024310376e-20,"Reject"
"Meristematic cell","brassica_rapa","Leaf",131,8,149,53,1.6493710993369e-19,"Reject"
"G2/M phase","zea_mays","Shoot axis apex",116,8,149,40,1.69270593420317e-19,"Reject"
"S phase","arabidopsis_thaliana","Root",51,8,149,62,2.67947325449359e-19,"Reject"
"Proliferating cell","arabidopsis_thaliana","Root",183,8,149,49,3.70369311416436e-19,"Reject"
"Mesophyll cell","fragaria_vesca","Leaf",147,1,108,26,2.77104953377761e-18,"Reject"
"G2/M-phase cell","arabidopsis_thaliana","Stem",118,8,149,41,2.85871585959276e-18,"Reject"
"S phase","arabidopsis_thaliana","Leaf",109,1,108,29,6.92118268523914e-18,"Reject"
"Meristematic cell","oryza_sativa","Root",79,8,149,51,1.13109498123801e-17,"Reject"
"Root apical meristem","manihot_esculenta","Root",110,1,108,38,1.89550644646799e-17,"Reject"
"Proliferating cell","brassica_rapa","Leaf",106,8,149,37,9.57700536457848e-17,"Reject"
"Root cortex","oryza_sativa","Root",132,8,149,57,1.50726871677829e-16,"Reject"
"Root cap junction","oryza_sativa","Root",150,3,165,37,1.96525134225899e-16,"Reject"
"Stem cell niche","zea_mays","Root",138,1,108,61,3.91492571381373e-16,"Reject"
"Root apical meristem","manihot_esculenta","Root",110,8,149,37,4.35642691257465e-16,"Reject"
"Palisade mesophyll cell","manihot_esculenta","Leaf",123,8,149,27,2.13698293150576e-15,"Reject"
"S phase","arabidopsis_thaliana","Shoot axis apex",112,1,108,13,2.6765382305796e-15,"Reject"
"Meristematic cell","fragaria_vesca","Leaf",195,1,108,32,3.04028690985377e-15,"Reject"
"Proliferating cell","arabidopsis_thaliana","Leaf",136,8,149,37,4.19205159658636e-15,"Reject"
"Bundle sheath cell","zea_mays","Inflorescence",149,1,108,32,4.67824126118096e-15,"Reject"
"Ear cortex","zea_mays","Inflorescence",115,8,149,32,4.67824126118096e-15,"Reject"
"Phloem parenchyma","manihot_esculenta","Tuberous root",166,1,108,48,5.94024498352095e-15,"Reject"
"Developing male gametophytes","gossypium_hirsutum","Flower",104,8,149,16,8.28979874461567e-15,"Reject"
"Shoot system epidermis","solanum_lycopersicum","Shoot axis apex",181,1,108,62,1.18054118227595e-14,"Reject"
"Shoot apical meristem","arabidopsis_thaliana","Stem",158,1,108,44,1.35570719593519e-14,"Reject"
"Root endodermis","oryza_sativa","Root",90,8,149,39,2.70519823541366e-14,"Reject"
"S phase","zea_mays","Shoot axis apex",160,8,149,36,6.65391623747686e-13,"Reject"
"Root cap","oryza_sativa","Root",184,3,165,35,1.08831309166571e-12,"Reject"
"G2/M phase","zea_mays","Leaf",52,8,149,16,1.8558667654244e-12,"Reject"
"Companion cell","arabidopsis_thaliana","Shoot axis apex",190,4,118,43,4.86001237774592e-12,"Reject"
"Sterile lemma","oryza_sativa","Inflorescence",112,8,149,49,6.30561000554789e-12,"Reject"
"Root cortex","manihot_esculenta","Root",174,4,118,35,8.01996791592156e-12,"Reject"
"Meristematic cell","manihot_esculenta","Tuberous root",181,8,149,56,1.33067320966318e-11,"Reject"
"Xylem","solanum_lycopersicum","Root",190,10,140,51,1.86435472108624e-11,"Reject"
"Pericycle","zea_mays","Root",119,8,149,44,2.05925886838155e-11,"Reject"
"Metaxylem","arabidopsis_thaliana","Root",63,10,140,42,4.82152085521473e-11,"Reject"
"Initials","arabidopsis_thaliana","Leaf",167,8,149,50,7.36281967803731e-11,"Reject"
"Xylem","medicago_truncatula","Root",135,10,140,41,1.12443170166855e-10,"Reject"
"Phloem","sorghum_bicolor","Root",162,4,118,23,1.77451306607047e-10,"Reject"
"RC_Col_QC","solanum_lycopersicum","Root",183,1,108,41,3.00871627981836e-10,"Reject"
"Photosynthetic cell","populus_alba_var_pyramidalis","Stem",188,3,165,27,3.36096622505956e-10,"Reject"
"Phloem","fragaria_vesca","Leaf",135,4,118,29,3.76692235760369e-10,"Reject"
"Leaf guard cell","catharanthus_roseus","Leaf",107,8,149,39,6.57492631713304e-10,"Reject"
"Columella root cap cell","triticum_aestivum","Root",149,3,165,22,8.46370615762288e-10,"Reject"
"Root system ground meristem","triticum_aestivum","Root",86,8,149,22,8.46370615762288e-10,"Reject"
"Mesophyll cell","fragaria_vesca","Leaf",147,8,149,22,8.51796499312683e-10,"Reject"
"Root apical meristem","medicago_truncatula","Root",174,8,149,27,8.97180737348545e-10,"Reject"
"Sieve element","arabidopsis_thaliana","Leaf",131,14,85,20,9.15945569906161e-10,"Reject"
"Metaxylem","manihot_esculenta","Tuberous root",178,1,108,48,9.94704817051069e-10,"Reject"
"Root cortex","manihot_esculenta","Tuberous root",178,4,118,32,1.18449239939515e-09,"Reject"
"Root stele","zea_mays","Root",140,1,108,53,1.2192331350347e-09,"Reject"
"Phloem","oryza_sativa","Root;Leaf",186,4,118,26,1.23823985532585e-09,"Reject"
"Primary xylem","arabidopsis_thaliana","Root",82,10,140,31,2.0478106877042e-09,"Reject"
"Protophloem sieve element","arabidopsis_thaliana","Root",136,14,85,16,2.0478106877042e-09,"Reject"
"Proliferating cell","catharanthus_roseus","Leaf",95,1,108,26,2.36909645757299e-09,"Reject"
"Phloem","oryza_sativa","Root",87,4,118,21,3.41083310562363e-09,"Reject"
"Companion cell","arabidopsis_thaliana","Root",67,4,118,21,3.72319336770368e-09,"Reject"
"Sieve element","arabidopsis_thaliana","Root",82,14,85,16,3.72319336770368e-09,"Reject"
"Phloem","brassica_rapa","Leaf",127,14,85,19,3.75001448313976e-09,"Reject"
"S phase","arabidopsis_thaliana","Inflorescence",64,1,108,8,4.40679232402274e-09,"Reject"
"Xylem pole pericycle cell","arabidopsis_thaliana","Root",150,1,108,51,5.09305746622763e-09,"Reject"
"Xylem","fragaria_vesca","Leaf",180,10,140,43,5.87485437102801e-09,"Reject"
"Cortex","medicago_truncatula","Root",108,3,165,30,7.21720298430934e-09,"Reject"
"Shoot system endodermis","arabidopsis_thaliana","Stem",161,13,156,33,7.77364368991791e-09,"Reject"
"Sieve element","arabidopsis_thaliana","Stem",137,14,85,21,7.93736005167426e-09,"Reject"
"Xylem","arabidopsis_thaliana","Stem",148,10,140,37,1.20526445775167e-08,"Reject"
"Stem cell niche","zea_mays","Root",138,8,149,41,1.50687107712864e-08,"Reject"
"Epidermis","populus_alba_var_pyramidalis","Stem",177,5,149,30,1.74155682373542e-08,"Reject"
"Companion cell","arabidopsis_thaliana","Leaf",58,4,118,26,2.0088129494639e-08,"Reject"
"Phloem","glycine_max","Stem",127,4,118,21,2.26294707786952e-08,"Reject"
"Microspore nuclei","arabidopsis_thaliana","Flower",154,1,108,12,2.78752075083298e-08,"Reject"
"Determinate lateral organ","zea_mays","Ear inflorescence",182,1,108,15,3.55364620742193e-08,"Reject"
"Phloem","medicago_truncatula","Root",136,4,118,27,3.8276427976615e-08,"Reject"
"Xylem","glycine_max","Stem",121,10,140,34,4.94662289267923e-08,"Reject"
"Companion cell","arabidopsis_thaliana","Stem",130,4,118,22,7.33998686244908e-08,"Reject"
"Pericycle","medicago_truncatula","Root",179,0,164,32,7.71006583397242e-08,"Reject"
"Developing male gametophytes","gossypium_hirsutum","Flower",104,1,108,8,1.58885078397095e-07,"Reject"
"Protophloem","arabidopsis_thaliana","Root",118,14,85,19,1.7633187628582e-07,"Reject"
"S phase","zea_mays","Ear inflorescence",43,1,108,8,2.07875934406766e-07,"Reject"
"Xylem","populus_alba_var_pyramidalis","Stem",177,10,140,51,2.44474410294013e-07,"Reject"
"Pericycle cell","manihot_esculenta","Root",125,1,108,27,2.64734491845346e-07,"Reject"
"Rib Zone","solanum_lycopersicum","Shoot axis apex",194,8,149,39,2.86582061476422e-07,"Reject"
"S phase","zea_mays","Leaf",34,1,108,8,5.50419681384342e-07,"Reject"
"Phloem","oryza_sativa","Root",87,14,85,15,5.75968065602713e-07,"Reject"
"Shoot system epidermis","solanum_lycopersicum","Shoot axis apex",181,8,149,53,6.21095420486406e-07,"Reject"
"Xylem","sorghum_bicolor","Root",162,10,140,29,7.84205805435267e-07,"Reject"
"Pericycle","oryza_sativa","Root;Leaf",186,1,108,48,8.11236293791902e-07,"Reject"
"Metaxylem","manihot_esculenta","Tuberous root",178,8,149,45,1.08553177165627e-06,"Reject"
"Pericycle","oryza_sativa","Root",198,0,164,25,1.09043290168365e-06,"Reject"
"Lateral root cap like cell","arabidopsis_thaliana","Root",189,3,165,23,1.17762673239444e-06,"Reject"
"Proliferating cell","glycine_max","Seed",74,1,108,8,1.28258240048627e-06,"Reject"
"Pholem","arabidopsis_thaliana","Root",168,4,118,26,1.30972328054535e-06,"Reject"
"Root endodermis","zea_mays","Root",120,1,108,31,1.44476004218169e-06,"Reject"
"Root stele","zea_mays","Root",140,8,149,39,1.44476004218169e-06,"Reject"
"Xylem","glycine_max","Root",113,10,140,26,1.61984410021938e-06,"Reject"
"Metaxylem","manihot_esculenta","Root",172,10,140,35,3.85594185437117e-06,"Reject"
"Root hair","arabidopsis_thaliana","Root",65,6,162,28,3.91311448040015e-06,"Reject"
"Root endodermis","arabidopsis_thaliana","Root",42,13,156,30,5.10513157906003e-06,"Reject"
"Non-hair","arabidopsis_thaliana","Root",82,3,165,25,5.35031918667816e-06,"Reject"
"Xylem","arabidopsis_thaliana","Root",97,10,140,22,5.35031918667816e-06,"Reject"
"Atrichoblast","solanum_lycopersicum","Root",194,11,171,30,5.97691093381196e-06,"Reject"
"Pericycle","arabidopsis_thaliana","Root",167,0,164,25,6.07070417472856e-06,"Reject"
"Protoxylem","oryza_sativa","Root",129,10,140,31,6.57752799878755e-06,"Reject"
"Stem cell niche","arabidopsis_thaliana","Root",130,7,146,26,6.58719313861418e-06,"Reject"
"Sieve element","populus_alba_var_pyramidalis","Stem",179,14,85,28,6.83978333960174e-06,"Reject"
"Companion cell","arabidopsis_thaliana","Flower",162,4,118,30,7.5453678215695e-06,"Reject"
"Pericycle cell","sorghum_bicolor","Root",120,0,164,19,7.8539520827937e-06,"Reject"
"Mesophyll precursor","oryza_sativa","Leaf",115,1,108,10,8.08924117313613e-06,"Reject"
"Phloem parenchyma","gossypium_bickii","Seed",173,8,149,24,8.38887619573699e-06,"Reject"
"Guard mother cell","arabidopsis_thaliana","Leaf",154,1,108,26,9.10677136543778e-06,"Reject"
"Root endodermis","zea_mays","Root",120,8,149,25,1.03713817202287e-05,"Reject"
"Phloem","arabidopsis_thaliana","Inflorescence",191,4,118,28,1.2007205658799e-05,"Reject"
"RC_Col_QC","solanum_lycopersicum","Root",183,8,149,33,1.98688241636503e-05,"Reject"
"Vascular tissue","catharanthus_roseus","Leaf",193,4,118,31,2.29533602103777e-05,"Reject"
"Xylem","zea_mays","Root",123,10,140,16,2.53065170131686e-05,"Reject"
"Xylem","oryza_sativa","Root;Leaf",184,10,140,38,2.5483339072139e-05,"Reject"
"Proliferating cell","gossypium_hirsutum","Leaf",111,8,149,9,2.72168630165202e-05,"Reject"
"Phloem parenchyma","manihot_esculenta","Tuberous root",166,8,149,34,3.44791484456162e-05,"Reject"
"Guard cell","gossypium_hirsutum","Leaf",147,10,140,35,4.27223460395595e-05,"Reject"
"Pericycle cell","oryza_sativa","Root",183,0,164,21,4.32355192329246e-05,"Reject"
"Xylem","oryza_sativa","Root",104,10,140,28,5.42796058083008e-05,"Reject"
"Inner integument","glycine_max","Seed",104,3,165,21,5.60877496505494e-05,"Reject"
"Phloem","arabidopsis_thaliana","Flower",134,4,118,23,5.61087508837584e-05,"Reject"
"Root initial cell","arabidopsis_thaliana","Root",156,1,108,28,5.82185856404036e-05,"Reject"
"Root exodermis/Sclerenchym","oryza_sativa","Root;Leaf",184,12,150,32,0.000100354553779916,"Reject"
"Cortex","solanum_lycopersicum","Root",182,12,150,44,0.000106226097278713,"Reject"
"Mesophyll","solanum_lycopersicum","Shoot axis apex",171,1,108,39,0.000111250353448076,"Reject"
"Root nodule","medicago_truncatula","Root",81,1,108,8,0.000133427442791932,"Reject"
"Shoot apical meristem","arabidopsis_thaliana","Stem",158,8,149,34,0.000134831013759995,"Reject"
"Root cap","arabidopsis_thaliana","Root",115,11,171,24,0.000192681176941116,"Reject"
"Non-hair root epidermal cell","oryza_sativa","Root",135,11,171,24,0.000203208057689342,"Reject"
"Metaphloem sieve element","arabidopsis_thaliana","Root",126,1,108,23,0.000203714046279441,"Reject"
"Proliferating cell","glycine_max","Stem",126,1,108,7,0.000203986674357908,"Reject"
"Phloem parenchyma cell","gossypium_bickii","Leaf",140,1,108,8,0.000220622564967015,"Reject"
"Phloem parenchyma cell","gossypium_bickii","Leaf",140,8,149,12,0.000220622564967015,"Reject"
"Pigment gland","gossypium_bickii","Seed",178,5,149,23,0.000226191718440119,"Reject"
"Proliferating cell","glycine_max","Flower",98,1,108,6,0.000234555868966911,"Reject"
"Root endodermis","arabidopsis_thaliana","Root",42,9,90,19,0.000259552039509841,"Reject"
"Phloem/Pericycle","arabidopsis_thaliana","Root",145,0,164,19,0.000279092757422917,"Reject"
"Leaf epidermis","oryza_sativa","Leaf",190,3,165,38,0.000279206437741633,"Reject"
"Columella root cap","arabidopsis_thaliana","Root",80,11,171,18,0.000308876937042481,"Reject"
"Root nodule","medicago_truncatula","Root",81,8,149,9,0.000341064508267002,"Reject"
"Meristematic cell","zea_mays","Root",190,3,165,18,0.000341433615466662,"Reject"
"Root epidermis","arabidopsis_thaliana","Root",141,6,162,29,0.000390161158250449,"Reject"
"Companion cell","gossypium_bickii","Leaf",166,4,118,22,0.000392935566714897,"Reject"
"Epidermis","populus_alba_var_pyramidalis","Stem",177,2,141,26,0.000395789143303159,"Reject"
"Epidermis","oryza_sativa","Root;Leaf",184,10,140,35,0.000419637158380787,"Reject"
"Lateral root cap","arabidopsis_thaliana","Root",44,11,171,18,0.000462144786982198,"Reject"
"Root endodermis","manihot_esculenta","Root",117,5,149,16,0.000481624740031644,"Reject"
"Root procambium","oryza_sativa","Root",86,3,165,13,0.000486755430803525,"Reject"
"Pericycle","oryza_sativa","Root;Leaf",186,8,149,37,0.000491594806887415,"Reject"
"Phloem","arabidopsis_thaliana","Root",116,4,118,15,0.000570971187853073,"Reject"
"Leaf trichome","solanum_lycopersicum","Leaf",169,4,118,27,0.00062284213852238,"Reject"
"Mesophyll","fragaria_vesca","Leaf",193,1,108,10,0.000634439153899689,"Reject"
"Phloem fiber cell","glycine_max","Root",128,14,85,10,0.00064118362107278,"Reject"
"Mesophyll","gossypium_bickii","Seed",193,1,108,24,0.000663500819738343,"Reject"
"Proximal meristem","triticum_aestivum","Root",91,1,108,6,0.000684524472421254,"Reject"
"Phloem parenchyma","gossypium_bickii","Seed",173,1,108,19,0.00074530600558165,"Reject"
"Columella root cap cell","arabidopsis_thaliana","Root",106,11,171,15,0.000773360325051095,"Reject"
"Cortex","arabidopsis_thaliana","Root",189,12,150,31,0.000773360325051095,"Reject"
"S phase","arabidopsis_thaliana","Leaf",109,8,149,15,0.000812269990787438,"Reject"
"Shoot system epidermis","arabidopsis_thaliana","Inflorescence",93,5,149,9,0.000834866724264765,"Reject"
"Shoot system cortex","arabidopsis_thaliana","Stem",173,3,165,21,0.000853372870481083,"Reject"
"Cork cambium","populus_alba_var_pyramidalis","Stem",180,10,140,41,0.000861263872957869,"Reject"
"Root exodermis","manihot_esculenta","Tuberous root",183,3,165,25,0.000925803564431376,"Reject"
"Root vascular system","triticum_aestivum","Root",117,1,108,13,0.000927767058919367,"Reject"
"Plant embryo cotyledon","arabidopsis_thaliana","Seed",174,1,108,11,0.000957216916762612,"Reject"
"Root procambium","manihot_esculenta","Tuberous root",187,5,149,20,0.000999702720836237,"Reject"
"Hypocotyl","arabidopsis_thaliana","Seed",115,1,108,13,0.00105716118873314,"Reject"
"Dividing protoderm","arabidopsis_thaliana","Seed",137,8,149,28,0.00105716118873314,"Reject"
"Idioblast cell","catharanthus_roseus","Leaf",147,2,141,32,0.00107379097441057,"Reject"
"Phloem parenchyma","catharanthus_roseus","Leaf",157,5,149,27,0.00107379097441057,"Reject"
"Proliferating cell","gossypium_hirsutum","Leaf",111,1,108,7,0.00113166373647196,"Reject"
"Leaf rim","zea_mays","Shoot axis apex",118,1,108,8,0.00125522157579441,"Reject"
"Root endodermis","sorghum_bicolor","Root",147,13,156,25,0.00126056013580284,"Reject"
"Leaf epidermis","catharanthus_roseus","Leaf",183,11,171,23,0.00135836152758239,"Reject"
"Pericycle","solanum_lycopersicum","Root",193,0,164,25,0.00136562921423577,"Reject"
"Xylem","oryza_sativa","Leaf",96,10,140,25,0.00145149393355269,"Reject"
"Leaf marginal meristem","solanum_lycopersicum","Shoot axis apex",136,3,165,18,0.00147018947208427,"Reject"
"Stem cell niche","medicago_truncatula","Root",133,8,149,16,0.00151139017671559,"Reject"
"Proliferating cell","catharanthus_roseus","Leaf",95,8,149,22,0.0016292441902797,"Reject"
"Sclerenchyma","oryza_sativa","Root",99,12,150,23,0.00163570530872687,"Reject"
"Early stele","zea_mays","Root",130,1,108,25,0.00181393468693079,"Reject"
"Root exodermis","manihot_esculenta","Root",121,7,146,27,0.0018966670989267,"Reject"
"Phloem","fragaria_vesca","Leaf",135,14,85,16,0.00200455194505685,"Reject"
"Mature endodermis","zea_mays","Root",152,4,118,16,0.00204858682479474,"Reject"
"Root exodermis/Sclerenchym","oryza_sativa","Root;Leaf",184,6,162,37,0.0021507784169692,"Reject"
"Bundle sheath cell","brassica_rapa","Leaf",143,5,149,15,0.00221325649308993,"Reject"
"Root exodermis","zea_mays","Root",176,2,141,29,0.00226079769053164,"Reject"
"Xylem parenchyma","populus_alba_var_pyramidalis","Stem",176,7,146,21,0.0022903919940559,"Reject"
"Phloem","oryza_sativa","Leaf",105,14,85,9,0.00240437041173802,"Reject"
"Metaphloem","arabidopsis_thaliana","Root",28,4,118,6,0.00245046596981668,"Reject"
"Xylem","oryza_sativa","Leaf",96,12,150,18,0.00247426842546032,"Reject"
"Mature endodermis","zea_mays","Root",152,14,85,12,0.0026335061315982,"Reject"
"Xylem pole pericycle cell","arabidopsis_thaliana","Root",150,8,149,39,0.0026812473314859,"Reject"
"Shoot system vascular system","arabidopsis_thaliana","Stem",131,0,164,21,0.00284211670457136,"Reject"
"Vascular initial cell","arabidopsis_thaliana","Seed",157,4,118,14,0.00304046399004453,"Reject"
"Shoot meristem initial cell","arabidopsis_thaliana","Seed",151,1,108,7,0.00305334185684592,"Reject"
"Parenchyma","oryza_sativa","Root;Leaf",184,3,165,16,0.00310858765561165,"Reject"
"Shoot system cortex","arabidopsis_thaliana","Stem",173,5,149,15,0.00311466769376891,"Reject"
"Xylem","gossypium_bickii","Leaf",127,10,140,19,0.00315636978027815,"Reject"
"Meristematic cell","manihot_esculenta","Tuberous root",181,1,108,35,0.00320044492708521,"Reject"
"Root vascular system","glycine_max","Root",119,0,164,23,0.00331907771238307,"Reject"
"Root endodermis","glycine_max","Root",109,13,156,16,0.00331907771238307,"Reject"
"Metaxylem","oryza_sativa","Root",122,10,140,17,0.00338285389207026,"Reject"
"Pericycle cell","arabidopsis_thaliana","Root",123,0,164,22,0.0035479808321506,"Reject"
"Spikelet identity cell","oryza_sativa","Inflorescence",183,7,146,22,0.00377863904152981,"Reject"
"Companion cell","gossypium_bickii","Seed",191,4,118,26,0.00393079368384849,"Reject"
"Root exodermis","manihot_esculenta","Tuberous root",183,7,146,29,0.00394700358007201,"Reject"
"Procambium","oryza_sativa","Root;Leaf",192,3,165,19,0.0040919623270208,"Reject"
"Trichoblast","solanum_lycopersicum","Root",192,6,162,29,0.00438396975429273,"Reject"
"Phloem parenchyma","catharanthus_roseus","Leaf",157,0,164,19,0.00438806986756443,"Reject"
"Pericycle cell","manihot_esculenta","Root",125,8,149,20,0.00445328208412458,"Reject"
"Root endodermis","glycine_max","Root",109,9,90,13,0.00469496044288025,"Reject"
"Initial cell","oryza_sativa","Leaf",38,1,108,6,0.00527796745597731,"Reject"
"Stem pith","glycine_max","Stem",152,0,164,19,0.00546917246431955,"Reject"
"Phloem","glycine_max","Stem",127,14,85,10,0.00546917246431955,"Reject"
"S-phase cell","arabidopsis_thaliana","Stem",140,1,108,12,0.00594254258233709,"Reject"
"Mesophyll cell","arabidopsis_thaliana","Stem",108,2,141,9,0.00622300763208692,"Reject"
"Trichome","solanum_lycopersicum","Shoot axis apex",188,12,150,28,0.00668742845762838,"Reject"
"Root cap","zea_mays","Root",165,7,146,23,0.00702363055947529,"Reject"
"Atrichoblast","solanum_lycopersicum","Root",194,3,165,17,0.00789512998864786,"Reject"
"Endodermis","solanum_lycopersicum","Root",185,13,156,33,0.00789512998864786,"Reject"
"Sieve element","manihot_esculenta","Leaf",158,3,165,19,0.00791872351820276,"Reject"
"Pericycle cell","glycine_max","Root",121,0,164,19,0.00797556925281783,"Reject"
"Exodermis","solanum_lycopersicum","Root",183,12,150,40,0.00833208068692055,"Reject"
"Xylem","gossypium_bickii","Seed",181,10,140,23,0.00865667484857913,"Reject"
"Protoxylem","arabidopsis_thaliana","Root",105,0,164,20,0.00903279679419927,"Reject"
"Cork cambium","populus_alba_var_pyramidalis","Stem",180,9,90,24,0.00914309632330335,"Reject"
"Mature stele","zea_mays","Root",131,9,90,8,0.00921140484166672,"Reject"
"Pavement cell-A","zea_mays","Leaf",71,2,141,18,0.00929264020920387,"Reject"
"Mestome sheath","oryza_sativa","Root;Leaf",185,9,90,18,0.00947799601451196,"Reject"
"Phloem_Procamb","solanum_lycopersicum","Root",189,4,118,23,0.00956232285898698,"Reject"
"Phloem parenchyma cell","catharanthus_roseus","Leaf",63,5,149,11,0.00976300543589625,"Reject"
"Phloem parenchyma","arabidopsis_thaliana","Root",156,0,164,29,0.0101468276958112,"Reject"
"Phloem","arabidopsis_thaliana","Root",116,14,85,12,0.0101468276958112,"Reject"
"Phloem","glycine_max","Root",139,4,118,20,0.0108098575460968,"Reject"
"Phloem","manihot_esculenta","Root",121,3,165,17,0.0108104682118605,"Reject"
"Mesophyll","gossypium_bickii","Seed",193,8,149,22,0.0109756865174505,"Reject"
"Mesophyll","oryza_sativa","Leaf",186,1,108,8,0.0112144922706225,"Reject"
"Root cortex","zea_mays","Root",123,12,150,13,0.0118382215047065,"Reject"
"Stem cell niche","arabidopsis_thaliana","Root",130,3,165,15,0.0118747620008822,"Reject"
"Xylem","oryza_sativa","Root;Leaf",184,2,141,30,0.012103671986366,"Reject"
"Radicle","arabidopsis_thaliana","Seed",125,12,150,17,0.0124236607052189,"Reject"
"Leaf epidermis","arabidopsis_thaliana","Leaf",143,3,165,19,0.0130015210033271,"Reject"
"Sperm nuclei","arabidopsis_thaliana","Flower",129,8,149,10,0.0135301391204142,"Reject"
"Root stele","medicago_truncatula","Root",93,0,164,16,0.0144527641109976,"Reject"
"Root cap","medicago_truncatula","Root",176,7,146,27,0.0144527641109976,"Reject"
"Bundle sheath cell","manihot_esculenta","Leaf",130,7,146,23,0.0148629532823419,"Reject"
"Leaf vascular system","manihot_esculenta","Leaf",170,12,150,27,0.0148629532823419,"Reject"
"Leaf vascular system","catharanthus_roseus","Leaf",114,4,118,15,0.0153052795731931,"Reject"
"Vascular tissue","catharanthus_roseus","Leaf",193,14,85,20,0.0153052795731931,"Reject"
"Epidermal cell layer of the emerging lateral root","arabidopsis_thaliana","Root",138,6,162,18,0.0153627387822719,"Reject"
"Root stele","oryza_sativa","Root;Leaf",188,7,146,19,0.0160668887518358,"Reject"
"S phase","zea_mays","Shoot axis apex",160,1,108,8,0.0168284534591879,"Reject"
"Phloem","solanum_lycopersicum","Shoot axis apex",98,7,146,17,0.0174277221179095,"Reject"
"Floret meristem","oryza_sativa","Inflorescence",138,3,165,13,0.0181243642414122,"Reject"
"Root stele","sorghum_bicolor","Root",137,2,141,18,0.0186193504537656,"Reject"
"Columella","arabidopsis_thaliana","Root",190,11,171,11,0.0186261247638122,"Reject"
"Phloem parenchyma","populus_alba_var_pyramidalis","Stem",91,0,164,13,0.0187969562740512,"Reject"
"Phloem","manihot_esculenta","Tuberous root",170,0,164,13,0.0188532270975997,"Reject"
"Root initial cell","arabidopsis_thaliana","Root",156,8,149,23,0.0192779644716319,"Reject"
"Phloem","solanum_lycopersicum","Shoot axis apex",98,3,165,16,0.0193610896041969,"Reject"
"Mesophyll precursor","oryza_sativa","Leaf",115,8,149,6,0.019479791376073,"Reject"
"Root cortex","arabidopsis_thaliana","Root",57,6,162,27,0.0196080575475037,"Reject"
"Root epidermis","arabidopsis_thaliana","Root",141,12,150,25,0.0196080575475037,"Reject"
"Xylem","solanum_lycopersicum","Shoot axis apex",8,3,165,3,0.0198993878361732,"Reject"
"Root hair","medicago_truncatula","Root",183,6,162,22,0.0204390372796171,"Reject"
"Epidermal cell layer of the emerging lateral root","arabidopsis_thaliana","Root",138,11,171,16,0.020491709619337,"Reject"
"Nodule apex","medicago_truncatula","Root",118,5,149,17,0.0206429816251793,"Reject"
"Root stele","oryza_sativa","Root",85,7,146,12,0.0208153639806236,"Reject"
"Sperm nuclei","arabidopsis_thaliana","Flower",129,1,108,5,0.0208823257870362,"Reject"
"Leaf marginal meristem","solanum_lycopersicum","Shoot axis apex",136,7,146,16,0.0211607604104359,"Reject"
"Exodermis","solanum_lycopersicum","Root",183,2,141,34,0.0213996786709304,"Reject"
"Pericycle","solanum_lycopersicum","Root",193,1,108,25,0.0226574687469576,"Reject"
"Protophloem","zea_mays","Root",188,4,118,21,0.0238355636829374,"Reject"
"Cryptic bract","oryza_sativa","Inflorescence",119,3,165,10,0.024298036849657,"Reject"
"Xylem parenchyma","populus_alba_var_pyramidalis","Stem",176,0,164,17,0.0248242319116371,"Reject"
"Root endodermis","triticum_aestivum","Root",165,13,156,11,0.0249643880676296,"Reject"
"Root epidermis","sorghum_bicolor","Root",116,11,171,12,0.0251109960562112,"Reject"
"Radicle","arabidopsis_thaliana","Seed",125,11,171,20,0.0271253235838935,"Reject"
"Procambium","glycine_max","Flower",79,4,118,5,0.0271355404497538,"Reject"
"Seed coat epidermis","glycine_max","Seed",124,2,141,14,0.0276939090109522,"Reject"
"Shoot parenchyma","arabidopsis_thaliana","Stem",149,0,164,16,0.0278710791181461,"Reject"
"Sieve element","arabidopsis_thaliana","Root",82,4,118,8,0.0285213455956761,"Reject"
"Xylem","oryza_sativa","Leaf",96,6,162,23,0.0285215940163513,"Reject"
"Microspore nuclei","arabidopsis_thaliana","Flower",154,8,149,13,0.0288593501774515,"Reject"
"Meristem base","zea_mays","Ear inflorescence",173,3,165,11,0.0296896497646416,"Reject"
"Radicle","arabidopsis_thaliana","Seed",125,6,162,20,0.0298297874810981,"Reject"
"Hypocotyl","arabidopsis_thaliana","Seed",115,8,149,11,0.0298297874810981,"Reject"
"Leaf vascular system","catharanthus_roseus","Leaf",114,14,85,12,0.0303204350099353,"Reject"
"Cortex","arabidopsis_thaliana","Root",189,2,141,24,0.0309520988275693,"Reject"
"Stem cell niche","arabidopsis_thaliana","Root",130,11,171,16,0.0310744813683824,"Reject"
"Vascular bundle","manihot_esculenta","Tuberous root",126,3,165,10,0.0313090717795506,"Reject"
"Companion cell","glycine_max","Leaf",84,4,118,11,0.031831631174198,"Reject"
"Leaf vascular system","glycine_max","Leaf",123,0,164,11,0.0319403517062819,"Reject"
"Root hair","manihot_esculenta","Tuberous root",174,7,146,30,0.0324646594284697,"Reject"
"Vascular bundle","manihot_esculenta","Tuberous root",126,11,171,10,0.0324646594284697,"Reject"
"Mesophyll cell","catharanthus_roseus","Leaf",103,1,108,8,0.0327265231968839,"Reject"
"Columella root cap","arabidopsis_thaliana","Root",80,3,165,12,0.0327442787581335,"Reject"
"Root exodermis","zea_mays","Root",176,6,162,32,0.0335106777172214,"Reject"
"Root cap","medicago_truncatula","Root",176,3,165,21,0.0337342627802881,"Reject"
"Mesophyll","arabidopsis_thaliana","Shoot axis apex",184,2,141,9,0.0338500268113846,"Reject"
"Xylem","oryza_sativa","Root;Leaf",184,6,162,32,0.0338569173234201,"Reject"
"Palisade mesophyll","arabidopsis_thaliana","Leaf",111,2,141,8,0.0366035257434911,"Reject"
"Phloem parenchyma","arabidopsis_thaliana","Leaf",127,0,164,19,0.0372228979480985,"Reject"
"Phloem","sorghum_bicolor","Root",162,14,85,8,0.0374347291216002,"Reject"
"Stem cell niche","medicago_truncatula","Root",133,1,108,10,0.0387377166501672,"Reject"
"Leaf epidermis","catharanthus_roseus","Leaf",183,7,146,19,0.0389646906827538,"Reject"
"Leaf primordium","zea_mays","Shoot axis apex",138,2,141,16,0.0390369538615003,"Reject"
"Vascular tissue","arabidopsis_thaliana","Shoot axis apex",183,0,164,25,0.0393400562554979,"Reject"
"Procambium","oryza_sativa","Root;Leaf",192,5,149,14,0.0411561198488427,"Reject"
"Hydathode","arabidopsis_thaliana","Leaf",137,3,165,16,0.0420158805742146,"Reject"
"Metaxylem","oryza_sativa","Root",122,14,85,8,0.0422126678452098,"Reject"
"Root hair cell","arabidopsis_thaliana","Root",40,6,162,6,0.0424025188487124,"Reject"
"Leaf lamina epidermis","catharanthus_roseus","Leaf",85,11,171,10,0.0424681762896193,"Reject"
"Leaf primordium","zea_mays","Shoot axis apex",138,12,150,16,0.0425567785862739,"Reject"
"Non-hair","medicago_truncatula","Root",122,7,146,20,0.0428272326854395,"Reject"
"Root cap","arabidopsis_thaliana","Root",115,6,162,20,0.0433488564309197,"Reject"
"Root stele","oryza_sativa","Root;Leaf",188,11,171,16,0.0453532565448034,"Reject"
"Xylem","zea_mays","Root",123,14,85,8,0.0459503256316324,"Reject"
"Xylem parenchyma","populus_alba_var_pyramidalis","Stem",176,3,165,15,0.0484315216884664,"Reject"
"Primary phloem","arabidopsis_thaliana","Root",145,0,164,21,0.0486378436958209,"Reject"
"Hydathodes","fragaria_vesca","Leaf",180,7,146,24,0.0491631380403091,"Reject"
"Dividing protoderm","arabidopsis_thaliana","Seed",137,2,141,21,0.049232841831728,"Reject"
"Root exodermis","zea_mays","Root",176,5,149,20,0.049398659965423,"Reject"
"Early stele","zea_mays","Root",130,8,149,17,0.049398659965423,"Reject"
"Root cap","zea_mays","Root",165,11,171,20,0.049398659965423,"Reject"
